{
  "contour_sharpness": {
    "U-Net": 0.23065198339296117,
    "ViT": 0.22932278183400473
  },
  "regions_2d": {
    "U-Net": {
      "nb_regions_per_slice": [
        2,
        4,
        12,
        7,
        9,
        13,
        14,
        36,
        34,
        52,
        43,
        62,
        40,
        65,
        58,
        55,
        45,
        600,
        45,
        28,
        1,
        14,
        13,
        29,
        13,
        18,
        13,
        21,
        32,
        42,
        32,
        47,
        30,
        18,
        34,
        54,
        28,
        45,
        25,
        15,
        20
      ],
      "area_mean_per_slice": [
        3494901.0,
        1729235.75,
        554975.8333333334,
        930714.4285714285,
        681102.0,
        432410.53846153844,
        389328.5714285714,
        134278.72222222222,
        129667.58823529411,
        72293.11538461539,
        88684.02325581395,
        59668.48387096774,
        91298.525,
        55311.04615384615,
        67793.39655172414,
        69878.4909090909,
        93061.57777777778,
        7826.701666666667,
        106850.2,
        173131.60714285713,
        6077058.0,
        362105.5,
        401394.76923076925,
        173781.24137931035,
        423070.92307692306,
        306005.5,
        393482.07692307694,
        244887.04761904763,
        152103.21875,
        117956.07142857143,
        152027.125,
        106904.34042553192,
        172634.06666666668,
        299443.1666666667,
        155753.4411764706,
        99998.38888888889,
        198873.64285714287,
        126761.66666666667,
        238689.16,
        401963.73333333334,
        308070.5
      ],
      "circularity_mean_per_slice": [
        1.7094514132671281,
        1.5432667325501692,
        10.293873904934527,
        5.50653383737666,
        5.615273884121562,
        3.651076851587363,
        0.6344765945919976,
        2.80975708776306,
        2.997398475883108,
        1.3681646721266116,
        0.8969272562447264,
        2.424637797288534,
        1.3851731252145174,
        1.234081194124312,
        1.16426400810836,
        1.6049500375701733,
        1.88255245689779,
        0.9605780047489647,
        0.5264795385314942,
        3.5902322799213913,
        0.0004107115700173919,
        1.9321851003096857,
        3.3652278213214553,
        1.864417395937531,
        0.3735460155794697,
        1.939622125309408,
        0.9976368205993761,
        3.126371299119345,
        2.571565731368023,
        4.471304885633531,
        2.9559137993915368,
        2.0438454972638183,
        6.1669584802450625,
        1.0276480644045103,
        1.7845158750745025,
        4.3747993672331615,
        3.3597940010153766,
        2.9819602536530714,
        1.6256860533455824,
        0.8366956249896113,
        10.019651366801494
      ],
      "nb_regions_global": 43.1219512195122,
      "area_mean_global": 494521.3458549955,
      "circularity_mean_global": 2.67363184007361
    },
    "ViT": {
      "nb_regions_per_slice": [
        1,
        1,
        1,
        1,
        1,
        1,
        1,
        1,
        2,
        1,
        2,
        1,
        2,
        7,
        4,
        4,
        1,
        1,
        4,
        2,
        1,
        1,
        1,
        2,
        2,
        1,
        2,
        3,
        1,
        2,
        2,
        2,
        2,
        2,
        3,
        4,
        3,
        3,
        1,
        1,
        1
      ],
      "area_mean_per_slice": [
        6942141.0,
        6909349.0,
        6667705.0,
        6611555.0,
        6570289.0,
        6255561.0,
        6187711.0,
        6080757.0,
        3175330.0,
        5841637.0,
        2790443.5,
        5924156.0,
        2801471.5,
        734753.8571428572,
        1257062.0,
        1273954.0,
        5110898.0,
        5132357.0,
        1377106.75,
        2991788.0,
        6085979.0,
        6073448.0,
        6103094.0,
        3060243.0,
        3069755.5,
        6115440.0,
        3092847.0,
        2045506.6666666667,
        6079057.0,
        3075826.0,
        3001701.0,
        3010841.0,
        3022942.0,
        3039913.0,
        2038974.6666666667,
        1532485.25,
        2051619.3333333333,
        2055362.6666666667,
        6266844.0,
        6431896.0,
        6523139.0
      ],
      "circularity_mean_per_slice": [
        0.00038549489935664114,
        0.0003853853057285171,
        0.00039053429903286813,
        0.00039151753757433284,
        0.00039292141119184036,
        0.00040492397086139037,
        0.00040514604555308284,
        0.000409337073071781,
        0.10946832051932506,
        0.0004170636118987547,
        0.2178803739011321,
        0.00041162573313959427,
        0.4400359468436672,
        0.219464836587526,
        0.1874881769204067,
        0.08127335428029608,
        0.00046021362664335294,
        0.0004628321565976062,
        0.13247707684423646,
        0.20142880021995144,
        0.0004099071573991658,
        0.00041022441545601843,
        0.0004099997814263031,
        0.07390537962659045,
        0.3691870323341218,
        0.00041166128443298575,
        0.10139591090046686,
        0.23519808334049097,
        0.00041529808815946094,
        0.07869017961526001,
        0.020401491987307237,
        0.04288777838797424,
        0.05617847588418146,
        0.06815855815376448,
        0.08788849931016947,
        0.1008605185802948,
        0.08597631525517886,
        0.09068364086717116,
        0.0004109590877634432,
        0.000402414301540993,
        0.0003988325310198056
      ],
      "nb_regions_global": 1.9268292682926829,
      "area_mean_global": 4253974.138792102,
      "circularity_mean_global": 0.07339304982139905
    }
  }
}